Hany Ahmed: https://pureportal.coventry.ac.uk/en/persons/hany-ahmed
Boying Xu: https://pureportal.coventry.ac.uk/en/persons/boying-xu
George Akomas: https://pureportal.coventry.ac.uk/en/persons/george-akomas
Mei Yu: https://pureportal.coventry.ac.uk/en/persons/mei-yu
Amir Khorasgani: https://pureportal.coventry.ac.uk/en/persons/amir-khorasgani
Pak-Yee Lee: https://pureportal.coventry.ac.uk/en/persons/pakyee-lee
Saba Ishaq: https://pureportal.coventry.ac.uk/en/persons/saba-ishaq
Alain Wouassom: https://pureportal.coventry.ac.uk/en/persons/alain-wouassom
Ibrahim Alkhataybeh: https://pureportal.coventry.ac.uk/en/persons/ibrahim-alkhataybeh
Lien Luu: https://pureportal.coventry.ac.uk/en/persons/lien-luu
Abdurafiu Noah: https://pureportal.coventry.ac.uk/en/persons/abdurafiu-noah
Frank Adom: https://pureportal.coventry.ac.uk/en/persons/frank-adom
Obinna Ugwu: https://pureportal.coventry.ac.uk/en/persons/obinna-ugwu-2
Thai Nguyen: https://pureportal.coventry.ac.uk/en/persons/thai-nguyen
Olubunmi Ajala: https://pureportal.coventry.ac.uk/en/persons/olubunmi-ajala
Sajjad Faraji Dizaji: https://pureportal.coventry.ac.uk/en/persons/sajjad-faraji-dizaji
Marwan Alssadek: https://pureportal.coventry.ac.uk/en/persons/marwan-alssadek
Yiqian Zhang: https://pureportal.coventry.ac.uk/en/persons/yiqian-zhang
Philip McCosker: https://pureportal.coventry.ac.uk/en/persons/philip-mccosker
Torri Wang: https://pureportal.coventry.ac.uk/en/persons/tori-wang
Shadi Bani Hani: https://pureportal.coventry.ac.uk/en/persons/shadi-bani-hani
Daniel Aghanya: https://pureportal.coventry.ac.uk/en/persons/daniel-aghanya
Dimitris Serenis: https://pureportal.coventry.ac.uk/en/persons/dimitris-serenis
Tinashe Bvirindi: https://pureportal.coventry.ac.uk/en/persons/tinashe-bvirindi
Hildebrando Pahula: https://pureportal.coventry.ac.uk/en/persons/hildebrando-pahula-2
Chashika Dilhara Kalubowila: https://pureportal.coventry.ac.uk/en/persons/chashika-dilhara-kalubowila
Sule Akkoyunlu: https://pureportal.coventry.ac.uk/en/persons/sule-akkoyunlu
Eliana Lauretta: https://pureportal.coventry.ac.uk/en/persons/eliana-lauretta
Zakir Hossain: https://pureportal.coventry.ac.uk/en/persons/zakir-hossain
Bismark Bediako: https://pureportal.coventry.ac.uk/en/persons/bismark-bediako
Suiwu Xiao: https://pureportal.coventry.ac.uk/en/persons/suiwu-xiao
McFoster Tembo: https://pureportal.coventry.ac.uk/en/persons/mcfoster-tembo-2
Loai Alsaid: https://pureportal.coventry.ac.uk/en/persons/loai-alsaid
Randy Silvers: https://pureportal.coventry.ac.uk/en/persons/randy-silvers
Mahbub Khan: https://pureportal.coventry.ac.uk/en/persons/mahbub-khan
Richard Pennington: https://pureportal.coventry.ac.uk/en/persons/richard-pennington
Piotr Lis: https://pureportal.coventry.ac.uk/en/persons/piotr-lis
Haseeb Ayaz: https://pureportal.coventry.ac.uk/en/persons/haseeb-ayaz
Mehul Chhatbar: https://pureportal.coventry.ac.uk/en/persons/mehul-chhatbar
Francis Darko: https://pureportal.coventry.ac.uk/en/persons/francis-darko
John Ayuk Enombu: https://pureportal.coventry.ac.uk/en/persons/john-ayuk-enombu
Sahar E-Vahdati: https://pureportal.coventry.ac.uk/en/persons/sahar-e-vahdati
Manisha Dhir: https://pureportal.coventry.ac.uk/en/persons/manisha-dhir
Alloysius Egbulonu: https://pureportal.coventry.ac.uk/en/persons/alloysius-egbulonu
Ejike Udeogu, SFHEA: https://pureportal.coventry.ac.uk/en/persons/ejike-udeogu
Mingchen Li: https://pureportal.coventry.ac.uk/en/persons/mingchen-li
Tri Nguyen: https://pureportal.coventry.ac.uk/en/persons/tri-nguyen
Hailin Liao: https://pureportal.coventry.ac.uk/en/persons/hailin-liao
Cagatay Piskin: https://pureportal.coventry.ac.uk/en/persons/cagatay-piskin
Wei Song: https://pureportal.coventry.ac.uk/en/persons/wei-song
Didarul Islam: https://pureportal.coventry.ac.uk/en/persons/didarul-islam
Yelena Khegay: https://pureportal.coventry.ac.uk/en/persons/yelena-khegay
Amal Ahmad Khair: https://pureportal.coventry.ac.uk/en/persons/amal-ahmad-khair
Paul Tiong: https://pureportal.coventry.ac.uk/en/persons/paul-tiong
Ibrahim Elmghaamez: https://pureportal.coventry.ac.uk/en/persons/ibrahim-elmghaamez
Mohammad Khaleq Newaz: https://pureportal.coventry.ac.uk/en/persons/mohammad-khaleq-newaz
Shahrukh Irfan: https://pureportal.coventry.ac.uk/en/persons/shahrukh-irfan
Francine Laourou: https://pureportal.coventry.ac.uk/en/persons/francine-laourou
Samir Alamad: https://pureportal.coventry.ac.uk/en/persons/samir-alamad
Nikitha Rohith: https://pureportal.coventry.ac.uk/en/persons/nikitha-rohith
Yan Cheng: https://pureportal.coventry.ac.uk/en/persons/yan-cheng
Aqsa Aziz: https://pureportal.coventry.ac.uk/en/persons/aqsa-aziz
Graham Sadler: https://pureportal.coventry.ac.uk/en/persons/graham-sadler
Masud Ibrahim: https://pureportal.coventry.ac.uk/en/persons/masud-ibrahim
Viet Le: https://pureportal.coventry.ac.uk/en/persons/viet-le
Simon Huston: https://pureportal.coventry.ac.uk/en/persons/simon-huston
Tharaa Subramaniam: https://pureportal.coventry.ac.uk/en/persons/tharaa-subramaniam
Adnan Aslam: https://pureportal.coventry.ac.uk/en/persons/adnan-aslam
Sailesh Tanna: https://pureportal.coventry.ac.uk/en/persons/sailesh-tanna
Afusat Jaiyeola: https://pureportal.coventry.ac.uk/en/persons/afusat-jaiyeola
Pythagoras Petratos: https://pureportal.coventry.ac.uk/en/persons/pythagoras-petratos
Jun Wang: https://pureportal.coventry.ac.uk/en/persons/jun-wang
Sarkar Kabir: https://pureportal.coventry.ac.uk/en/persons/sarkar-kabir
Ahmed Usman: https://pureportal.coventry.ac.uk/en/persons/ahmed-usman
Uchenna Tony-Okeke: https://pureportal.coventry.ac.uk/en/persons/uchenna-tony-okeke
Rashedul Hasan: https://pureportal.coventry.ac.uk/en/persons/rashedul-hasan
Daniel Johnson: https://pureportal.coventry.ac.uk/en/persons/daniel-johnson
Rayenda Khresna Brahmana: https://pureportal.coventry.ac.uk/en/persons/rayenda-khresna-brahmana
Simon Horsman: https://pureportal.coventry.ac.uk/en/persons/simon-horsman
Jaliyyah Bello: https://pureportal.coventry.ac.uk/en/persons/jaliyyah-bello
Judith Kabajulizi: https://pureportal.coventry.ac.uk/en/persons/judith-kabajulizi
